order_id,customer_id,order_date,status,region_code
ORD00001,CUST0212,2025-12-20 06:26:32,RETURNED,WEST
ORD00002,CUST0032,2025-12-28 04:33:13,RETURNED,EAST
ORD00003,CUST0193,2025-06-10 05:29:58,RETURNED,EAST
ORD00004,CUST0445,2026-01-05 21:41:51,DELIVERED,WEST
ORD00005,CUST0286,2025-06-02 07:19:49,DELIVERED,SOUTH
ORD00006,CUST0246,2025-06-28 17:59:59,DELIVERED,EAST
ORD00007,CUST0195,04-04-2026 12:52:22,SHIPPED,EAST
ORD00008,CUST0041,2025-06-27 14:41:16,CANCELLED,SOUTH
ORD00009,CUST0478,2025-10-15 22:17:08,PLACED,SOUTH
ORD00010,CUST0272,2025-04-26 20:14:03,PLACED,WEST
ORD00011,CUST0349,2026-01-30 04:00:35,SHIPPED,WEST
ORD00012,CUST0244,2025-09-02 20:12:48,DELIVERED,EAST
ORD00013,CUST0394,2025-02-15 20:36:14,RETURNED,NORTH
ORD00014,CUST0452,2026-03-05 05:59:58,PLACED,WEST
ORD00015,CUST0384,2026-05-08 09:56:02,PLACED,EAST
ORD00016,CUST0172,2025-05-26 14:41:34,RETURNED,WEST
ORD00017,CUST0259,2025-08-28 08:12:51,PLACED,EAST
ORD00018,CUST0132,2026-01-03 05:00:47,DELIVERED,EAST
ORD00019,CUST0090,2025-11-09 20:57:25,CANCELLED,EAST
ORD00020,CUST0095,2025-03-13 15:20:59,SHIPPED,NORTH
ORD00021,CUST0386,2025-05-17 10:19:37,RETURNED,NORTH
ORD00022,CUST0121,2025-02-01 21:07:29,DELIVERED,SOUTH
ORD00023,CUST0459,2026-03-31 22:49:19,PLACED,EAST
ORD00024,CUST0491,2025-03-10 15:09:29,RETURNED,EAST
ORD00025,CUST0242,2026-01-23 17:51:42,SHIPPED,SOUTH
ORD00026,CUST0404,2025-02-11 16:28:33,DELIVERED,NORTH
ORD00027,CUST0425,2025-10-08 16:12:36,RETURNED,SOUTH
ORD00028,CUST0227,2025-03-01 21:13:45,RETURNED,WEST
ORD00029,CUST0415,2025-01-29 14:08:32,CANCELLED,WEST
ORD00030,CUST0345,2026-02-18 09:46:01,CANCELLED,EAST
ORD00031,CUST0297,2025-02-07 01:27:22,PLACED,NORTH
ORD00032,CUST0479,2025-08-30 01:18:26,SHIPPED,SOUTH
ORD00033,CUST0331,2026-05-09 13:23:57,CANCELLED,WEST
ORD00034,CUST0193,2025-02-11 21:42:55,RETURNED,SOUTH
ORD00035,CUST0092,2025-10-03 12:33:08,SHIPPED,NORTH
ORD00036,CUST0238,2025-12-11 23:34:27,RETURNED,WEST
ORD00037,CUST0178,2025-03-21 08:12:59,PLACED,NORTH
ORD00038,CUST0393,2026-04-25 00:15:13,PLACED,NORTH
ORD00039,CUST0345,2025-12-27 01:15:47,PLACED,WEST
ORD00040,CUST0387,2026-03-19 01:08:32,DELIVERED,SOUTH
ORD00041,CUST0164,2025-10-23 19:49:43,DELIVERED,SOUTH
ORD00042,CUST0339,2025-09-24 07:26:19,DELIVERED,NORTH
ORD00043,CUST0377,12-04-2026 05:40:43,CANCELLED,WEST
ORD00044,CUST0330,2025-12-10 12:50:33,DELIVERED,WEST
ORD00045,CUST0095,2026-01-22 17:30:15,SHIPPED,EAST
ORD00046,CUST0238,2026-04-14 01:35:26,CANCELLED,SOUTH
ORD00047,CUST0170,2025-11-28 02:59:28,DELIVERED,NORTH
ORD00048,CUST0027,2025-05-18 12:43:38,RETURNED,NORTH
ORD00049,CUST0390,2025-10-28 23:42:35,SHIPPED,WEST
ORD00050,CUST0156,2026-05-05 00:13:59,SHIPPED,NORTH
ORD00051,CUST0469,2025-05-05 22:38:45,SHIPPED,WEST
ORD00052,CUST0398,2025-05-25 12:29:34,DELIVERED,EAST
ORD00053,CUST0255,2025-08-27 03:51:46,CANCELLED,EAST
ORD00054,CUST0212,2025-01-24 18:55:14,SHIPPED,NORTH
ORD00055,CUST0297,2026-01-04 13:18:09,SHIPPED,EAST
ORD00056,CUST0126,2025-09-13 17:41:43,DELIVERED,EAST
ORD00057,CUST0371,2025-11-25 23:31:29,SHIPPED,EAST
ORD00058,CUST0251,2025-04-05 17:41:03,RETURNED,NORTH
ORD00059,CUST0419,2025-12-09 01:48:00,CANCELLED,SOUTH
ORD00060,CUST0363,2025-03-19 00:13:32,CANCELLED,EAST
ORD00061,CUST0479,2025-11-12 15:42:31,PLACED,NORTH
ORD00062,CUST0009,2025-09-29 23:17:34,DELIVERED,NORTH
ORD00063,CUST0221,2026-02-17 05:06:58,PLACED,SOUTH
ORD00064,CUST0130,2026-02-22 11:17:50,CANCELLED,NORTH
ORD00065,CUST0290,2025-05-05 22:14:19,PLACED,NORTH
ORD00066,CUST0283,2025-09-01 01:40:00,SHIPPED,NORTH
ORD00067,CUST0402,2025-06-19 18:54:06,RETURNED,NORTH
ORD00068,CUST0355,2026-03-31 18:30:17,PLACED,NORTH
ORD00069,CUST0279,2025-10-16 21:02:11,DELIVERED,NORTH
ORD00070,CUST0386,2026-02-25 22:52:25,PLACED,EAST
ORD00071,CUST0428,2026-03-11 12:43:57,RETURNED,EAST
ORD00072,CUST0405,2025-12-19 23:05:32,DELIVERED,NORTH
ORD00073,CUST0039,2025-06-24 19:49:39,RETURNED,WEST
ORD00074,CUST0325,2025-05-20 14:31:14,DELIVERED,WEST
ORD00075,CUST0339,2025-07-14 02:49:39,DELIVERED,SOUTH
ORD00076,CUST0079,2025-07-14 22:50:40,SHIPPED,WEST
ORD00077,CUST0003,2026-04-28 09:28:23,DELIVERED,NORTH
ORD00078,CUST0230,2025-10-13 17:32:26,PLACED,NORTH
ORD00079,CUST0306,2025-11-03 10:55:24,PLACED,EAST
ORD00080,CUST0372,2026-04-07 17:57:15,RETURNED,SOUTH
ORD00081,CUST0138,2025-06-04 08:31:09,PLACED,SOUTH
ORD00082,CUST0248,2026-02-05 02:23:16,SHIPPED,WEST
ORD00083,CUST0055,2025-03-11 09:00:25,DELIVERED,WEST
ORD00084,CUST0172,2025-08-09 20:38:08,DELIVERED,EAST
ORD00085,CUST0246,2025-06-10 05:25:20,DELIVERED,WEST
ORD00086,CUST0167,2025-07-12 08:52:50,CANCELLED,EAST
ORD00087,CUST0304,2025-10-07 05:43:49,RETURNED,NORTH
ORD00088,CUST0363,2025-04-18 14:51:18,PLACED,WEST
ORD00089,CUST0156,2025-05-04 08:42:09,CANCELLED,WEST
ORD00090,CUST0246,2025-10-26 12:34:32,CANCELLED,NORTH
ORD00091,CUST0459,2026-02-20 17:38:40,PLACED,NORTH
ORD00092,CUST0182,2025-03-27 20:39:02,RETURNED,WEST
ORD00093,CUST0408,2025-08-09 03:00:06,DELIVERED,SOUTH
ORD00094,CUST0298,2025-12-19 18:14:28,DELIVERED,WEST
ORD00095,CUST0354,2025-09-14 04:22:01,CANCELLED,NORTH
ORD00096,CUST0044,2025-03-01 23:09:22,DELIVERED,EAST
ORD00097,CUST0248,2025-06-28 15:06:28,CANCELLED,EAST
ORD00098,,2025-12-30 03:01:54,DELIVERED,NORTH
ORD00099,CUST0380,2025-05-05 16:11:35,SHIPPED,EAST
ORD00100,CUST0119,2026-02-13 12:40:11,SHIPPED,WEST
ORD00101,CUST0453,2025-04-12 14:37:27,CANCELLED,NORTH
ORD00102,CUST0386,2025-12-27 02:36:06,RETURNED,SOUTH
ORD00103,CUST0059,2025-05-15 21:55:31,RETURNED,EAST
ORD00104,CUST0301,2025-02-28 11:22:54,CANCELLED,SOUTH
ORD00105,CUST0153,2026-04-16 19:37:05,SHIPPED,EAST
ORD00106,CUST0094,2025-07-11 22:09:32,CANCELLED,WEST
ORD00107,CUST0217,2025-04-06 15:40:34,SHIPPED,SOUTH
ORD00108,CUST0162,2026-03-08 14:39:03,DELIVERED,NORTH
ORD00109,CUST0197,2026-05-09 17:32:41,CANCELLED,WEST
ORD00110,CUST0431,2025-08-16 15:10:05,RETURNED,NORTH
ORD00111,CUST0017,2025-05-21 07:34:18,SHIPPED,WEST
ORD00112,CUST0254,2025-10-09 16:07:36,PLACED,EAST
ORD00113,CUST0188,2025-10-05 01:48:46,CANCELLED,SOUTH
ORD00114,CUST0425,2025-12-01 07:19:55,PLACED,WEST
ORD00115,CUST0045,2025-08-13 03:49:51,SHIPPED,SOUTH
ORD00116,CUST0180,2026-03-17 22:39:40,CANCELLED,SOUTH
ORD00117,CUST0417,2025-04-16 01:36:22,RETURNED,EAST
ORD00118,CUST0361,2025-05-30 09:36:17,RETURNED,NORTH
ORD00119,CUST0211,2026-04-16 01:17:55,SHIPPED,SOUTH
ORD00120,CUST0425,2025-05-07 21:25:31,SHIPPED,EAST
ORD00121,CUST0039,2025-11-21 02:25:32,DELIVERED,EAST
ORD00122,CUST0298,2025-01-02 23:05:46,CANCELLED,EAST
ORD00123,CUST0204,2025-04-22 13:52:13,CANCELLED,EAST
ORD00124,CUST0281,2025-10-23 04:36:54,CANCELLED,EAST
ORD00125,CUST0024,2025-02-20 20:50:53,CANCELLED,NORTH
ORD00126,CUST0226,2025-08-22 00:27:12,SHIPPED,EAST
ORD00127,CUST0141,2025-02-17 20:23:16,PLACED,EAST
ORD00128,CUST0027,2025-07-22 20:19:46,SHIPPED,WEST
ORD00129,CUST0001,2025-04-20 15:04:08,RETURNED,SOUTH
ORD00130,CUST0005,2025-12-23 10:52:07,CANCELLED,SOUTH
ORD00131,CUST0046,2026-01-10 03:06:20,DELIVERED,EAST
ORD00132,CUST0386,2026-03-24 04:41:43,SHIPPED,NORTH
ORD00133,,2025-11-29 05:28:22,SHIPPED,SOUTH
ORD00134,CUST0227,2026-03-17 06:05:57,PLACED,SOUTH
ORD00135,CUST0197,2025-06-29 13:20:50,SHIPPED,SOUTH
ORD00136,CUST0284,2025-11-04 19:46:38,DELIVERED,NORTH
ORD00137,CUST0155,2025-04-16 16:38:32,SHIPPED,WEST
ORD00138,CUST0460,2026-02-11 07:31:24,PLACED,SOUTH
ORD00139,CUST0271,2026-04-01 00:23:59,DELIVERED,SOUTH
ORD00140,CUST0216,07-07-2025 17:43:11,CANCELLED,NORTH
ORD00141,CUST0135,2025-04-21 01:59:03,CANCELLED,EAST
ORD00142,CUST0213,2025-08-05 22:25:05,RETURNED,SOUTH
ORD00143,CUST0262,2026-04-17 06:51:09,RETURNED,EAST
ORD00144,CUST0428,2025-11-29 21:41:04,DELIVERED,WEST
ORD00145,CUST0030,2025-05-06 02:59:27,PLACED,WEST
ORD00146,CUST0342,2026-01-15 21:47:11,PLACED,NORTH
ORD00147,CUST0084,2025-09-12 11:33:33,DELIVERED,SOUTH
ORD00148,CUST0448,2025-05-18 23:56:07,PLACED,EAST
ORD00149,CUST0033,2025-05-15 22:36:40,PLACED,WEST
ORD00150,CUST0256,2026-03-16 18:10:23,SHIPPED,EAST
ORD00151,CUST0346,06-01-2026 03:14:47,RETURNED,NORTH
ORD00152,CUST0126,2025-01-24 15:23:24,SHIPPED,SOUTH
ORD00153,CUST0284,2026-02-16 22:47:41,CANCELLED,SOUTH
ORD00154,CUST0369,2025-06-13 08:52:04,RETURNED,EAST
ORD00155,CUST0027,2025-04-02 07:51:33,PLACED,WEST
ORD00156,CUST0145,01-02-2026 09:20:05,RETURNED,WEST
ORD00157,CUST0289,2026-02-06 09:47:39,SHIPPED,WEST
ORD00158,CUST0396,2026-02-02 06:46:57,RETURNED,SOUTH
ORD00159,CUST0013,30-04-2025 17:22:40,PLACED,EAST
ORD00160,CUST0435,2026-01-13 23:19:06,SHIPPED,SOUTH
ORD00161,CUST0498,2025-03-14 22:17:05,PLACED,SOUTH
ORD00162,CUST0359,2026-04-04 11:29:47,PLACED,NORTH
ORD00163,CUST0202,2025-02-08 18:36:03,CANCELLED,SOUTH
ORD00164,CUST0162,2026-04-20 12:44:53,DELIVERED,EAST
ORD00165,CUST0484,2025-04-14 04:49:49,RETURNED,NORTH
ORD00166,CUST0239,2025-06-10 13:07:34,DELIVERED,SOUTH
ORD00167,CUST0437,2025-03-03 02:10:51,DELIVERED,NORTH
ORD00168,CUST0076,2025-02-16 22:15:22,CANCELLED,NORTH
ORD00169,CUST0090,2025-01-16 12:54:28,RETURNED,SOUTH
ORD00170,CUST0407,2025-03-13 03:00:03,SHIPPED,SOUTH
ORD00171,CUST0352,2025-11-19 20:05:37,RETURNED,EAST
ORD00172,CUST0034,2025-04-12 20:28:51,SHIPPED,NORTH
ORD00173,CUST0170,2025-03-04 01:29:03,SHIPPED,WEST
ORD00174,CUST0016,2025-07-15 21:27:11,DELIVERED,SOUTH
ORD00175,CUST0229,2026-03-29 04:02:39,RETURNED,SOUTH
ORD00176,CUST0452,2025-10-09 15:03:05,DELIVERED,WEST
ORD00177,CUST0453,2026-02-13 16:15:40,RETURNED,NORTH
ORD00178,CUST0184,2025-09-03 17:50:31,DELIVERED,EAST
ORD00179,CUST0164,2025-11-02 07:01:57,DELIVERED,NORTH
ORD00180,CUST0184,2026-01-28 18:14:10,PLACED,SOUTH
ORD00181,CUST0418,2026-02-10 23:03:48,SHIPPED,WEST
ORD00182,CUST0433,2025-03-30 05:15:37,DELIVERED,EAST
ORD00183,,2025-12-25 11:36:36,SHIPPED,SOUTH
ORD00184,CUST0497,2025-09-10 17:19:11,CANCELLED,NORTH
ORD00185,CUST0113,2025-01-11 16:30:00,DELIVERED,SOUTH
ORD00186,CUST0091,2026-04-16 10:03:01,SHIPPED,SOUTH
ORD00187,CUST0441,2025-07-06 02:23:45,CANCELLED,NORTH
ORD00188,CUST0500,2025-03-22 23:27:50,CANCELLED,EAST
ORD00189,CUST0356,2026-04-01 19:50:22,SHIPPED,SOUTH
ORD00190,CUST0151,2025-03-07 05:46:00,RETURNED,WEST
ORD00191,CUST0291,2025-01-17 05:38:20,RETURNED,SOUTH
ORD00192,CUST0255,2025-03-14 10:47:04,SHIPPED,EAST
ORD00193,CUST0454,09-05-2026 02:52:45,DELIVERED,WEST
ORD00194,CUST0355,04-02-2025 11:16:50,PLACED,NORTH
ORD00195,CUST0215,2026-05-12 05:56:26,CANCELLED,WEST
ORD00196,CUST0425,2025-09-03 18:41:48,SHIPPED,SOUTH
ORD00197,CUST0018,2025-05-31 00:20:16,PLACED,NORTH
ORD00198,CUST0083,2026-01-10 02:35:57,PLACED,EAST
ORD00199,CUST0248,2025-12-27 00:27:41,SHIPPED,WEST
ORD00200,CUST0106,2026-05-14 06:26:44,RETURNED,EAST
ORD00201,CUST0050,2025-01-26 12:36:35,CANCELLED,SOUTH
ORD00202,,2025-02-14 09:52:42,RETURNED,WEST
ORD00203,,2025-03-29 20:18:05,CANCELLED,NORTH
ORD00204,CUST0251,2026-04-04 21:16:05,RETURNED,WEST
ORD00205,CUST0190,2025-04-06 14:02:16,CANCELLED,WEST
ORD00206,CUST0289,2025-02-01 04:48:44,PLACED,NORTH
ORD00207,CUST0212,2026-05-13 18:14:35,PLACED,WEST
ORD00208,CUST0275,2025-12-18 15:36:56,SHIPPED,WEST
ORD00209,CUST0438,2026-01-01 01:32:36,RETURNED,SOUTH
ORD00210,CUST0089,01-05-2026 05:13:51,SHIPPED,SOUTH
ORD00211,CUST0350,2025-08-11 06:52:40,SHIPPED,EAST
ORD00212,CUST0414,2025-02-04 02:24:35,CANCELLED,EAST
ORD00213,CUST0470,2026-03-24 00:50:44,RETURNED,WEST
ORD00214,CUST0291,2025-10-29 18:48:06,PLACED,NORTH
ORD00215,CUST0451,26-06-2025 13:16:24,CANCELLED,WEST
ORD00216,CUST0074,2025-11-13 19:43:44,CANCELLED,NORTH
ORD00217,CUST0354,02-05-2025 01:47:30,DELIVERED,EAST
ORD00218,CUST0156,2025-06-09 08:53:31,PLACED,SOUTH
ORD00219,CUST0227,2026-02-01 10:17:46,CANCELLED,NORTH
ORD00220,CUST0422,2025-07-28 23:31:48,RETURNED,EAST
ORD00221,CUST0082,2025-02-03 09:45:32,CANCELLED,SOUTH
ORD00222,CUST0292,2025-01-15 05:12:56,SHIPPED,NORTH
ORD00223,CUST0471,2025-07-04 22:12:17,DELIVERED,WEST
ORD00224,CUST0064,2025-12-15 00:15:23,CANCELLED,WEST
ORD00225,CUST0301,2025-10-10 11:22:10,DELIVERED,NORTH
ORD00226,CUST0084,2026-03-14 18:49:13,SHIPPED,SOUTH
ORD00227,CUST0210,2025-09-20 00:55:49,PLACED,WEST
ORD00228,CUST0308,2026-02-15 00:14:16,RETURNED,EAST
ORD00229,CUST0141,2025-08-05 12:54:22,CANCELLED,EAST
ORD00230,CUST0267,2026-02-27 19:25:37,PLACED,NORTH
ORD00231,CUST0432,2026-03-06 11:35:41,RETURNED,EAST
ORD00232,CUST0033,2025-06-22 08:40:20,DELIVERED,EAST
ORD00233,CUST0334,2025-06-02 06:09:33,SHIPPED,NORTH
ORD00234,CUST0308,2025-07-26 21:20:43,SHIPPED,NORTH
ORD00235,CUST0133,2026-04-10 13:25:24,PLACED,SOUTH
ORD00236,CUST0352,2025-10-01 20:50:30,DELIVERED,EAST
ORD00237,CUST0449,2025-10-13 05:18:06,CANCELLED,SOUTH
ORD00238,CUST0287,2026-01-26 05:43:57,DELIVERED,NORTH
ORD00239,CUST0447,2025-06-07 13:50:56,DELIVERED,EAST
ORD00240,CUST0436,2025-03-02 15:03:55,RETURNED,NORTH
ORD00241,CUST0062,2026-03-21 21:24:33,DELIVERED,WEST
ORD00242,CUST0071,2025-04-13 10:26:36,CANCELLED,SOUTH
ORD00243,CUST0399,2025-02-11 15:21:40,SHIPPED,EAST
ORD00244,,2025-05-21 06:48:49,SHIPPED,SOUTH
ORD00245,CUST0046,2025-03-08 19:27:40,CANCELLED,WEST
ORD00246,CUST0003,2025-01-20 17:12:46,DELIVERED,NORTH
ORD00247,CUST0272,2025-04-08 00:43:00,SHIPPED,SOUTH
ORD00248,CUST0067,2025-02-22 12:32:37,DELIVERED,SOUTH
ORD00249,,2026-05-01 09:29:46,RETURNED,EAST
ORD00250,CUST0069,2025-06-25 15:22:48,SHIPPED,SOUTH
ORD00251,CUST0207,2025-01-10 07:14:46,SHIPPED,SOUTH
ORD00252,CUST0087,2025-03-05 11:45:41,PLACED,WEST
ORD00253,CUST0274,16-11-2025 01:38:03,PLACED,NORTH
ORD00254,CUST0228,2025-07-14 03:35:16,CANCELLED,SOUTH
ORD00255,CUST0005,2025-06-04 13:42:06,RETURNED,EAST
ORD00256,CUST0215,2026-03-02 03:32:46,RETURNED,NORTH
ORD00257,CUST0255,2025-04-12 19:12:49,DELIVERED,SOUTH
ORD00258,CUST0083,2025-01-21 17:31:58,SHIPPED,WEST
ORD00259,,2025-12-10 02:58:07,RETURNED,WEST
ORD00260,CUST0262,2025-02-08 23:46:06,DELIVERED,SOUTH
ORD00261,CUST0136,2025-08-26 01:06:52,SHIPPED,NORTH
ORD00262,CUST0347,10-06-2025 13:47:07,PLACED,NORTH
ORD00263,CUST0332,2025-03-29 10:22:57,CANCELLED,EAST
ORD00264,CUST0418,2025-06-25 05:07:25,CANCELLED,WEST
ORD00265,CUST0436,2025-09-02 13:41:56,SHIPPED,NORTH
ORD00266,CUST0483,2026-03-09 05:06:26,RETURNED,WEST
ORD00267,CUST0093,2025-11-09 12:49:22,RETURNED,NORTH
ORD00268,CUST0373,2026-05-14 04:30:58,CANCELLED,NORTH
ORD00269,CUST0033,2025-05-14 20:20:00,RETURNED,SOUTH
ORD00270,CUST0174,2025-09-23 16:44:44,RETURNED,NORTH
ORD00271,CUST0247,2025-06-27 21:43:41,CANCELLED,SOUTH
ORD00272,CUST0314,2025-01-28 00:41:59,SHIPPED,WEST
ORD00273,CUST0039,2026-01-20 15:20:15,DELIVERED,EAST
ORD00274,CUST0330,2025-07-13 12:52:15,PLACED,WEST
ORD00275,CUST0046,2026-03-15 15:28:20,PLACED,WEST
ORD00276,,2025-07-26 13:02:35,RETURNED,NORTH
ORD00277,CUST0494,2025-11-13 20:19:56,RETURNED,SOUTH
ORD00278,CUST0175,2025-07-06 01:52:14,CANCELLED,EAST
ORD00279,CUST0243,2026-01-02 21:23:45,CANCELLED,NORTH
ORD00280,CUST0002,2025-06-24 11:53:40,DELIVERED,EAST
ORD00281,,2025-03-26 15:08:52,CANCELLED,NORTH
ORD00282,CUST0062,2026-04-22 12:13:29,SHIPPED,EAST
ORD00283,CUST0475,2025-11-21 21:37:07,CANCELLED,WEST
ORD00284,CUST0069,2026-05-09 15:00:33,PLACED,WEST
ORD00285,CUST0261,2026-02-04 05:44:37,SHIPPED,SOUTH
ORD00286,CUST0311,2026-03-28 10:32:56,CANCELLED,WEST
ORD00287,CUST0391,2025-05-08 08:25:21,DELIVERED,WEST
ORD00288,CUST0309,2025-12-25 23:32:19,RETURNED,EAST
ORD00289,CUST0324,2025-04-22 06:13:39,DELIVERED,EAST
ORD00290,CUST0364,2025-11-29 05:32:34,DELIVERED,NORTH
ORD00291,CUST0299,2025-10-20 21:45:26,RETURNED,EAST
ORD00292,CUST0007,2025-09-25 03:01:24,SHIPPED,NORTH
ORD00293,CUST0385,2026-02-07 05:18:43,DELIVERED,SOUTH
ORD00294,CUST0152,2025-04-15 17:02:22,CANCELLED,NORTH
ORD00295,CUST0288,2026-03-19 07:47:41,RETURNED,WEST
ORD00296,CUST0409,2025-12-23 09:44:42,PLACED,WEST
ORD00297,CUST0500,2025-12-17 10:35:03,PLACED,EAST
ORD00298,CUST0441,2026-03-22 14:53:14,DELIVERED,SOUTH
ORD00299,CUST0151,2025-08-18 05:43:04,SHIPPED,SOUTH
ORD00300,CUST0021,2025-08-08 08:35:16,SHIPPED,SOUTH
ORD00301,CUST0170,2025-08-27 22:59:09,PLACED,SOUTH
ORD00302,CUST0397,2026-04-23 20:39:53,DELIVERED,WEST
ORD00303,CUST0038,2026-02-06 22:20:33,SHIPPED,SOUTH
ORD00304,CUST0082,2025-08-01 17:34:25,PLACED,EAST
ORD00305,CUST0170,2025-06-19 11:18:13,RETURNED,WEST
ORD00306,CUST0333,2025-01-05 03:42:22,CANCELLED,SOUTH
ORD00307,CUST0319,2025-05-05 01:43:56,DELIVERED,WEST
ORD00308,CUST0198,2025-05-12 17:46:18,PLACED,EAST
ORD00309,CUST0250,2025-01-23 09:57:41,SHIPPED,EAST
ORD00310,CUST0086,2026-05-13 17:34:00,PLACED,SOUTH
ORD00311,CUST0443,2025-12-17 13:53:06,SHIPPED,WEST
ORD00312,CUST0383,2025-12-18 04:01:29,DELIVERED,NORTH
ORD00313,CUST0407,2025-05-09 17:04:36,SHIPPED,EAST
ORD00314,CUST0208,2025-08-10 10:01:24,PLACED,NORTH
ORD00315,CUST0388,2026-01-17 18:02:44,PLACED,EAST
ORD00316,CUST0403,2025-12-18 09:38:05,DELIVERED,WEST
ORD00317,CUST0016,2025-08-31 05:34:14,SHIPPED,WEST
ORD00318,CUST0152,2026-05-07 20:09:19,DELIVERED,NORTH
ORD00319,CUST0064,2025-01-22 00:36:38,CANCELLED,NORTH
ORD00320,CUST0463,2026-01-07 11:13:26,RETURNED,SOUTH
ORD00321,CUST0428,2025-05-10 06:07:11,RETURNED,NORTH
ORD00322,CUST0282,2025-08-25 20:35:04,DELIVERED,NORTH
ORD00323,CUST0298,2025-09-07 10:22:08,SHIPPED,NORTH
ORD00324,CUST0100,2025-06-12 15:28:21,RETURNED,EAST
ORD00325,CUST0291,2025-07-06 10:27:10,PLACED,EAST
ORD00326,CUST0379,2025-11-25 13:17:53,DELIVERED,SOUTH
ORD00327,CUST0246,2025-08-25 14:22:49,DELIVERED,WEST
ORD00328,CUST0311,2025-02-11 08:54:52,SHIPPED,SOUTH
ORD00329,CUST0040,2026-01-08 02:57:01,RETURNED,NORTH
ORD00330,CUST0394,2025-10-30 06:58:02,RETURNED,EAST
ORD00331,CUST0242,2025-12-01 04:23:25,SHIPPED,EAST
ORD00332,CUST0047,2025-07-23 11:32:00,SHIPPED,SOUTH
ORD00333,CUST0082,2025-04-02 18:36:42,SHIPPED,WEST
ORD00334,,2026-01-25 15:14:04,DELIVERED,EAST
ORD00335,CUST0266,10-04-2026 11:24:30,CANCELLED,NORTH
ORD00336,CUST0053,2025-12-27 16:40:53,DELIVERED,EAST
ORD00337,CUST0193,2025-12-01 12:23:37,PLACED,EAST
ORD00338,CUST0265,2025-07-27 11:52:55,DELIVERED,WEST
ORD00339,CUST0004,2025-09-14 04:28:10,SHIPPED,NORTH
ORD00340,CUST0077,2025-04-06 05:23:38,PLACED,SOUTH
ORD00341,CUST0059,2025-09-04 21:30:30,SHIPPED,SOUTH
ORD00342,CUST0125,2025-01-23 04:36:37,SHIPPED,SOUTH
ORD00343,,2025-10-21 04:03:10,DELIVERED,SOUTH
ORD00344,CUST0497,2025-10-16 20:01:56,DELIVERED,NORTH
ORD00345,CUST0242,2026-03-21 15:10:14,CANCELLED,SOUTH
ORD00346,CUST0094,2025-11-16 21:32:16,SHIPPED,EAST
ORD00347,CUST0036,2025-04-28 12:24:08,PLACED,NORTH
ORD00348,CUST0259,2025-12-17 13:52:09,RETURNED,NORTH
ORD00349,CUST0308,2025-01-20 17:32:48,PLACED,NORTH
ORD00350,CUST0309,2025-10-04 00:57:49,CANCELLED,WEST
ORD00351,,2025-09-29 13:14:51,CANCELLED,WEST
ORD00352,CUST0465,2026-01-25 22:36:06,CANCELLED,SOUTH
ORD00353,CUST0466,2026-03-16 02:18:38,RETURNED,WEST
ORD00354,,2026-01-16 00:36:33,PLACED,NORTH
ORD00355,CUST0412,2025-06-11 13:23:06,SHIPPED,WEST
ORD00356,CUST0438,2025-10-02 13:36:23,RETURNED,EAST
ORD00357,CUST0105,2025-07-31 17:50:35,CANCELLED,SOUTH
ORD00358,CUST0130,2025-06-07 18:22:49,CANCELLED,SOUTH
ORD00359,CUST0383,2025-04-28 14:50:44,SHIPPED,NORTH
ORD00360,CUST0174,2026-02-15 17:39:44,PLACED,SOUTH
ORD00361,CUST0412,2025-02-16 04:30:59,RETURNED,WEST
ORD00362,CUST0190,2025-02-10 19:02:46,CANCELLED,WEST
ORD00363,CUST0365,2026-05-09 19:03:49,SHIPPED,WEST
ORD00364,CUST0337,2026-04-22 16:18:12,PLACED,SOUTH
ORD00365,CUST0185,2025-05-03 20:00:10,PLACED,EAST
ORD00366,CUST0203,2025-07-27 18:12:33,PLACED,NORTH
ORD00367,CUST0372,2026-03-01 17:58:37,DELIVERED,EAST
ORD00368,CUST0311,2026-05-09 06:29:59,CANCELLED,NORTH
ORD00369,CUST0055,2025-10-14 02:32:18,DELIVERED,NORTH
ORD00370,CUST0449,2025-10-03 18:16:44,CANCELLED,WEST
ORD00371,CUST0388,2025-06-23 14:43:29,RETURNED,NORTH
ORD00372,CUST0196,2025-11-21 07:43:44,SHIPPED,EAST
ORD00373,CUST0275,2025-01-05 22:53:16,SHIPPED,EAST
ORD00374,CUST0421,2025-06-25 02:35:59,SHIPPED,WEST
ORD00375,CUST0294,2025-05-18 05:47:43,SHIPPED,WEST
ORD00376,CUST0124,2026-03-23 08:13:14,SHIPPED,SOUTH
ORD00377,CUST0399,2025-02-24 03:58:05,CANCELLED,NORTH
ORD00378,CUST0022,2026-03-11 15:23:39,DELIVERED,WEST
ORD00379,CUST0295,2026-03-21 08:31:11,RETURNED,EAST
ORD00380,CUST0066,2025-01-28 16:51:27,CANCELLED,NORTH
ORD00381,CUST0352,2026-02-02 05:29:07,RETURNED,WEST
ORD00382,,2025-12-12 06:24:37,PLACED,EAST
ORD00383,CUST0096,2025-10-08 08:15:17,CANCELLED,EAST
ORD00384,CUST0108,2025-08-03 22:48:23,DELIVERED,WEST
ORD00385,CUST0068,2025-10-22 21:14:52,PLACED,EAST
ORD00386,CUST0439,2025-07-15 06:09:51,SHIPPED,WEST
ORD00387,CUST0256,2025-03-10 20:33:34,DELIVERED,WEST
ORD00388,CUST0291,2025-01-25 12:06:44,SHIPPED,NORTH
ORD00389,CUST0430,2025-11-19 03:28:47,DELIVERED,EAST
ORD00390,CUST0478,2026-02-19 08:22:01,CANCELLED,NORTH
ORD00391,CUST0311,2025-04-12 18:36:41,RETURNED,SOUTH
ORD00392,CUST0167,2025-12-11 16:31:49,CANCELLED,NORTH
ORD00393,CUST0324,2026-05-05 04:55:10,DELIVERED,WEST
ORD00394,CUST0435,2026-04-10 02:05:10,DELIVERED,SOUTH
ORD00395,CUST0364,2025-05-17 19:41:25,DELIVERED,WEST
ORD00396,CUST0383,2025-10-28 16:28:26,SHIPPED,SOUTH
ORD00397,CUST0121,2025-12-05 08:47:44,PLACED,SOUTH
ORD00398,CUST0033,2026-04-25 15:35:03,PLACED,WEST
ORD00399,CUST0054,2025-05-15 19:09:05,CANCELLED,EAST
ORD00400,CUST0227,17-11-2025 04:08:33,SHIPPED,NORTH
ORD00401,CUST0469,2025-06-16 15:29:55,RETURNED,EAST
ORD00402,CUST0486,2025-12-24 17:11:37,RETURNED,WEST
ORD00403,CUST0289,2025-08-11 16:40:40,RETURNED,EAST
ORD00404,CUST0117,2026-02-17 02:28:19,DELIVERED,WEST
ORD00405,CUST0001,2025-09-25 04:22:18,CANCELLED,NORTH
ORD00406,CUST0387,2025-09-02 09:00:49,CANCELLED,EAST
ORD00407,CUST0281,2025-07-11 06:26:56,RETURNED,WEST
ORD00408,CUST0378,2025-11-27 12:53:24,SHIPPED,EAST
ORD00409,CUST0265,2026-01-27 19:51:44,DELIVERED,EAST
ORD00410,CUST0138,2025-07-31 06:54:04,SHIPPED,SOUTH
ORD00411,CUST0317,2025-08-20 08:44:39,CANCELLED,SOUTH
ORD00412,CUST0497,2025-10-01 00:11:06,DELIVERED,EAST
ORD00413,CUST0005,2025-04-30 02:09:00,CANCELLED,SOUTH
ORD00414,CUST0410,2025-09-13 11:29:44,PLACED,EAST
ORD00415,CUST0075,2025-01-29 08:49:25,PLACED,WEST
ORD00416,CUST0129,2026-02-23 12:53:00,PLACED,SOUTH
ORD00417,CUST0127,2026-01-13 01:12:29,PLACED,SOUTH
ORD00418,CUST0160,2026-04-25 10:10:40,PLACED,NORTH
ORD00419,CUST0102,2025-07-04 01:55:42,SHIPPED,NORTH
ORD00420,CUST0008,27-03-2025 08:37:07,CANCELLED,SOUTH
ORD00421,,2026-02-06 22:30:44,RETURNED,SOUTH
ORD00422,CUST0081,2025-09-13 02:43:39,DELIVERED,NORTH
ORD00423,CUST0360,2025-10-02 03:08:31,SHIPPED,EAST
ORD00424,CUST0388,2025-06-27 14:46:12,PLACED,WEST
ORD00425,CUST0461,2025-01-21 15:45:28,RETURNED,EAST
ORD00426,CUST0291,2025-04-06 17:22:20,CANCELLED,EAST
ORD00427,CUST0441,2025-10-11 05:04:33,SHIPPED,WEST
ORD00428,CUST0188,2025-08-21 00:49:40,RETURNED,WEST
ORD00429,CUST0318,2026-03-15 11:49:39,SHIPPED,EAST
ORD00430,CUST0276,2026-02-24 12:12:33,CANCELLED,SOUTH
ORD00431,CUST0329,2025-06-14 03:06:33,PLACED,NORTH
ORD00432,CUST0448,17-01-2025 06:06:31,SHIPPED,NORTH
ORD00433,CUST0199,03-12-2025 15:33:39,RETURNED,EAST
ORD00434,CUST0368,2025-02-06 00:59:58,SHIPPED,WEST
ORD00435,CUST0240,2026-02-15 20:03:23,RETURNED,WEST
ORD00436,CUST0030,2026-02-26 19:17:33,PLACED,NORTH
ORD00437,CUST0111,2026-05-07 16:06:06,SHIPPED,WEST
ORD00438,CUST0128,2025-10-19 20:11:35,RETURNED,WEST
ORD00439,CUST0296,2025-07-03 21:29:44,CANCELLED,NORTH
ORD00440,CUST0206,2025-09-16 10:42:10,RETURNED,WEST
ORD00441,CUST0282,2025-06-16 11:26:48,CANCELLED,EAST
ORD00442,CUST0110,2025-07-12 17:59:47,DELIVERED,EAST
ORD00443,CUST0204,2025-01-01 23:02:18,RETURNED,NORTH
ORD00444,CUST0155,2025-01-04 09:14:13,DELIVERED,NORTH
ORD00445,CUST0422,2025-05-22 17:32:35,RETURNED,SOUTH
ORD00446,CUST0080,2025-03-12 08:23:56,RETURNED,SOUTH
ORD00447,CUST0048,2025-10-20 12:36:58,SHIPPED,NORTH
ORD00448,CUST0089,07-09-2025 22:44:36,PLACED,EAST
ORD00449,CUST0196,2025-02-10 01:58:49,DELIVERED,EAST
ORD00450,CUST0477,2026-03-21 03:55:49,SHIPPED,NORTH
ORD00451,CUST0028,2025-06-06 16:02:20,RETURNED,SOUTH
ORD00452,CUST0079,2025-01-26 21:46:25,CANCELLED,NORTH
ORD00453,CUST0202,2025-03-17 04:21:05,CANCELLED,NORTH
ORD00454,CUST0205,2025-09-14 13:49:44,SHIPPED,SOUTH
ORD00455,CUST0203,2025-11-30 18:12:35,RETURNED,SOUTH
ORD00456,CUST0221,2025-06-15 21:59:36,PLACED,NORTH
ORD00457,CUST0179,2025-04-08 10:22:38,PLACED,EAST
ORD00458,CUST0421,2026-02-16 14:39:09,CANCELLED,NORTH
ORD00459,CUST0351,2025-07-11 04:48:46,PLACED,NORTH
ORD00460,CUST0318,2026-04-20 04:55:53,DELIVERED,NORTH
ORD00461,CUST0157,2025-08-19 15:01:21,SHIPPED,SOUTH
ORD00462,CUST0133,2025-10-08 15:39:46,SHIPPED,NORTH
ORD00463,CUST0270,2025-01-23 08:10:03,DELIVERED,SOUTH
ORD00464,CUST0028,2025-08-27 20:00:04,CANCELLED,EAST
ORD00465,CUST0185,2026-03-19 03:01:18,CANCELLED,SOUTH
ORD00466,CUST0364,2025-02-20 10:31:55,RETURNED,NORTH
ORD00467,CUST0235,2025-10-15 22:01:02,SHIPPED,EAST
ORD00468,CUST0081,2025-01-10 11:43:22,DELIVERED,EAST
ORD00469,CUST0257,2025-05-22 01:40:16,CANCELLED,NORTH
ORD00470,CUST0116,2025-03-19 10:57:25,SHIPPED,NORTH
ORD00471,CUST0348,2025-11-10 20:43:14,CANCELLED,SOUTH
ORD00472,CUST0160,2026-04-11 19:21:28,RETURNED,SOUTH
ORD00473,CUST0278,2025-12-17 06:55:08,DELIVERED,SOUTH
ORD00474,CUST0395,2025-03-16 20:59:36,SHIPPED,EAST
ORD00475,CUST0369,2025-03-02 05:20:53,SHIPPED,NORTH
ORD00476,CUST0212,2026-05-08 13:19:28,DELIVERED,SOUTH
ORD00477,CUST0095,2025-01-14 19:39:17,RETURNED,SOUTH
ORD00478,CUST0014,2025-07-03 02:44:49,CANCELLED,SOUTH
ORD00479,CUST0365,2025-11-29 11:11:54,CANCELLED,WEST
ORD00480,CUST0116,2025-01-17 13:48:00,DELIVERED,WEST
ORD00481,CUST0104,2026-01-23 06:04:11,CANCELLED,WEST
ORD00482,CUST0455,2025-05-07 13:25:49,PLACED,WEST
ORD00483,CUST0481,2026-01-16 18:38:34,RETURNED,NORTH
ORD00484,CUST0424,2026-03-26 01:56:15,RETURNED,WEST
ORD00485,,2025-07-18 16:48:40,PLACED,SOUTH
ORD00486,CUST0156,2026-02-01 09:29:10,CANCELLED,EAST
ORD00487,CUST0265,2026-04-08 04:29:53,CANCELLED,NORTH
ORD00488,CUST0399,2025-10-27 22:34:08,CANCELLED,WEST
ORD00489,,2025-08-21 18:57:45,SHIPPED,WEST
ORD00490,CUST0333,2026-04-10 22:50:10,PLACED,NORTH
ORD00491,CUST0186,2025-02-13 16:45:24,RETURNED,SOUTH
ORD00492,CUST0394,2025-03-29 10:36:55,SHIPPED,SOUTH
ORD00493,CUST0365,2025-01-27 13:19:19,CANCELLED,EAST
ORD00494,CUST0068,2026-05-07 06:00:39,DELIVERED,NORTH
ORD00495,CUST0279,2026-02-18 00:38:56,CANCELLED,SOUTH
ORD00496,CUST0233,2025-07-29 14:05:38,RETURNED,NORTH
ORD00497,CUST0318,2025-11-18 17:52:52,SHIPPED,NORTH
ORD00498,CUST0179,2025-01-19 04:54:02,RETURNED,EAST
ORD00499,CUST0056,2025-08-02 05:10:43,DELIVERED,SOUTH
ORD00500,CUST0185,2026-04-22 01:05:49,DELIVERED,EAST
ORD00501,CUST0035,2026-01-24 13:53:35,PLACED,EAST
ORD00502,CUST0441,2025-05-21 10:33:26,RETURNED,SOUTH
ORD00503,CUST0056,2025-10-20 23:40:33,PLACED,WEST
ORD00504,CUST0404,2025-12-28 09:27:38,DELIVERED,EAST
ORD00505,CUST0182,2026-04-20 04:39:36,CANCELLED,WEST
ORD00506,CUST0313,30-04-2025 22:18:12,PLACED,NORTH
ORD00507,CUST0061,13-01-2026 06:51:39,CANCELLED,WEST
ORD00508,CUST0413,2025-11-23 06:00:40,SHIPPED,EAST
ORD00509,CUST0154,2025-09-17 17:20:49,PLACED,NORTH
ORD00510,CUST0371,2025-10-19 19:01:53,SHIPPED,SOUTH
ORD00511,CUST0345,2025-09-03 15:51:02,SHIPPED,WEST
ORD00512,CUST0443,2025-10-02 10:29:50,CANCELLED,NORTH
ORD00513,CUST0372,2025-12-14 10:35:34,PLACED,SOUTH
ORD00514,CUST0470,2026-03-31 11:04:09,DELIVERED,NORTH
ORD00515,CUST0274,2026-03-08 05:36:38,CANCELLED,SOUTH
ORD00516,CUST0385,2025-06-07 22:54:20,PLACED,EAST
ORD00517,CUST0122,2025-07-10 14:53:19,SHIPPED,EAST
ORD00518,CUST0020,2026-02-03 06:58:05,CANCELLED,NORTH
ORD00519,CUST0079,2025-04-08 10:59:30,RETURNED,EAST
ORD00520,CUST0447,2025-02-20 16:43:08,SHIPPED,NORTH
ORD00521,CUST0268,2025-03-01 00:19:59,PLACED,NORTH
ORD00522,CUST0053,2025-09-24 21:47:19,PLACED,EAST
ORD00523,CUST0103,2025-04-09 09:17:34,DELIVERED,WEST
ORD00524,CUST0081,2025-05-21 03:00:39,RETURNED,NORTH
ORD00525,CUST0164,2025-05-19 04:45:51,DELIVERED,SOUTH
ORD00526,CUST0457,2025-06-23 17:28:03,SHIPPED,NORTH
ORD00527,CUST0055,2025-07-16 01:05:27,CANCELLED,SOUTH
ORD00528,CUST0323,2026-03-05 22:44:28,RETURNED,EAST
ORD00529,CUST0366,2026-01-24 21:51:34,PLACED,WEST
ORD00530,CUST0411,2026-04-16 22:29:06,CANCELLED,EAST
ORD00531,CUST0239,2025-08-29 07:14:09,RETURNED,EAST
ORD00532,CUST0359,2026-04-15 21:21:50,DELIVERED,WEST
ORD00533,CUST0058,2025-06-29 15:29:54,SHIPPED,EAST
ORD00534,CUST0066,2025-09-18 03:25:52,PLACED,EAST
ORD00535,CUST0155,2025-09-30 14:25:37,CANCELLED,SOUTH
ORD00536,CUST0499,2025-09-04 12:04:21,SHIPPED,WEST
ORD00537,CUST0404,2025-06-25 17:44:15,SHIPPED,NORTH
ORD00538,CUST0429,2025-09-07 03:37:38,CANCELLED,EAST
ORD00539,CUST0091,2025-06-07 12:04:38,PLACED,WEST
ORD00540,CUST0032,2025-02-16 06:52:08,RETURNED,NORTH
ORD00541,CUST0232,2025-09-30 09:24:39,RETURNED,WEST
ORD00542,CUST0163,2025-06-03 18:50:58,DELIVERED,WEST
ORD00543,CUST0046,2025-10-26 00:39:32,CANCELLED,SOUTH
ORD00544,CUST0462,2025-10-09 01:00:45,RETURNED,EAST
ORD00545,CUST0016,2025-05-01 13:44:37,CANCELLED,EAST
ORD00546,CUST0223,2025-10-07 06:42:11,CANCELLED,SOUTH
ORD00547,CUST0474,04-07-2025 13:09:18,SHIPPED,SOUTH
ORD00548,CUST0074,2026-01-05 15:42:27,SHIPPED,NORTH
ORD00549,CUST0441,2025-08-22 22:38:59,CANCELLED,SOUTH
ORD00550,CUST0420,2025-08-19 12:22:14,SHIPPED,WEST
ORD00551,CUST0434,2026-01-10 07:45:32,DELIVERED,WEST
ORD00552,CUST0018,2026-05-16 01:36:30,DELIVERED,NORTH
ORD00553,CUST0041,2025-03-14 23:46:33,DELIVERED,WEST
ORD00554,CUST0313,2025-02-15 07:30:40,PLACED,EAST
ORD00555,CUST0274,2026-02-03 00:30:29,RETURNED,WEST
ORD00556,CUST0181,2026-05-07 09:18:10,PLACED,EAST
ORD00557,CUST0032,2025-11-19 15:37:10,RETURNED,NORTH
ORD00558,CUST0378,2025-11-16 00:18:31,PLACED,SOUTH
ORD00559,CUST0143,10-05-2025 04:39:17,DELIVERED,EAST
ORD00560,CUST0090,2026-04-11 18:47:09,CANCELLED,EAST
ORD00561,CUST0359,2025-05-01 15:11:51,RETURNED,NORTH
ORD00562,CUST0075,2025-11-01 04:53:31,CANCELLED,WEST
ORD00563,CUST0327,2025-03-27 06:36:46,DELIVERED,NORTH
ORD00564,CUST0060,2025-01-27 05:29:25,CANCELLED,EAST
ORD00565,CUST0473,2025-09-30 07:24:43,CANCELLED,WEST
ORD00566,CUST0223,2025-01-07 09:59:51,CANCELLED,WEST
ORD00567,CUST0350,2026-05-05 01:06:58,RETURNED,EAST
ORD00568,CUST0471,2025-11-30 08:21:17,DELIVERED,NORTH
ORD00569,CUST0237,2026-01-31 21:47:15,RETURNED,SOUTH
ORD00570,CUST0093,10-06-2025 17:00:43,PLACED,NORTH
ORD00571,CUST0054,2025-12-17 14:22:14,DELIVERED,EAST
ORD00572,,2025-02-17 01:38:42,SHIPPED,NORTH
ORD00573,CUST0439,2025-11-06 04:24:42,RETURNED,SOUTH
ORD00574,CUST0130,2025-05-31 14:42:59,PLACED,WEST
ORD00575,CUST0219,2025-12-21 21:49:49,DELIVERED,EAST
ORD00576,CUST0398,2025-02-01 12:24:21,PLACED,EAST
ORD00577,CUST0226,2025-02-05 15:59:12,RETURNED,WEST
ORD00578,CUST0074,2025-10-04 13:13:39,PLACED,WEST
ORD00579,CUST0038,2025-02-06 18:46:16,CANCELLED,NORTH
ORD00580,CUST0328,2025-01-01 01:42:24,DELIVERED,SOUTH
ORD00581,CUST0295,2025-01-02 16:45:49,CANCELLED,WEST
ORD00582,CUST0400,2026-02-20 02:34:14,PLACED,WEST
ORD00583,CUST0247,2025-03-04 18:34:59,DELIVERED,EAST
ORD00584,CUST0324,2026-05-06 20:05:23,RETURNED,EAST
ORD00585,CUST0393,2025-05-29 20:12:11,RETURNED,NORTH
ORD00586,CUST0154,2025-12-23 12:57:06,DELIVERED,WEST
ORD00587,CUST0377,2025-04-08 04:02:12,PLACED,SOUTH
ORD00588,CUST0277,26-11-2025 09:31:34,CANCELLED,NORTH
ORD00589,CUST0404,2026-01-05 01:25:07,SHIPPED,WEST
ORD00590,CUST0275,2025-03-18 23:37:14,PLACED,NORTH
ORD00591,CUST0010,2025-08-30 19:02:15,SHIPPED,NORTH
ORD00592,,2025-06-07 03:29:39,SHIPPED,NORTH
ORD00593,CUST0255,2025-11-01 19:14:04,SHIPPED,WEST
ORD00594,CUST0378,2025-12-14 12:20:07,RETURNED,SOUTH
ORD00595,CUST0110,2026-01-27 01:37:11,DELIVERED,NORTH
ORD00596,CUST0213,2025-03-28 22:23:35,SHIPPED,WEST
ORD00597,CUST0069,2025-02-21 20:39:24,SHIPPED,NORTH
ORD00598,CUST0004,2025-04-02 02:45:41,RETURNED,EAST
ORD00599,CUST0396,2025-09-01 22:08:13,SHIPPED,EAST
ORD00600,CUST0481,2025-03-31 19:44:02,RETURNED,SOUTH
ORD00601,CUST0046,2025-11-18 09:22:26,PLACED,SOUTH
ORD00602,CUST0049,2025-11-13 11:55:48,RETURNED,SOUTH
ORD00603,CUST0107,2025-05-22 01:12:07,SHIPPED,WEST
ORD00604,CUST0473,2025-01-23 01:41:23,DELIVERED,SOUTH
ORD00605,CUST0413,2026-04-01 14:02:06,PLACED,SOUTH
ORD00606,,2025-09-21 03:04:57,SHIPPED,WEST
ORD00607,CUST0102,2026-01-18 21:57:20,SHIPPED,NORTH
ORD00608,CUST0378,2025-07-31 06:24:57,SHIPPED,NORTH
ORD00609,CUST0456,2025-08-12 04:13:59,RETURNED,WEST
ORD00610,CUST0235,2026-01-04 06:40:22,DELIVERED,SOUTH
ORD00611,,2025-10-19 01:17:08,PLACED,WEST
ORD00612,CUST0176,2025-04-23 09:38:10,RETURNED,SOUTH
ORD00613,CUST0118,2025-02-14 13:54:33,CANCELLED,SOUTH
ORD00614,CUST0143,2025-01-08 23:27:47,SHIPPED,SOUTH
ORD00615,CUST0457,2026-04-20 18:09:58,RETURNED,NORTH
ORD00616,,2025-08-29 23:49:32,PLACED,WEST
ORD00617,CUST0409,2025-12-23 03:28:31,SHIPPED,NORTH
ORD00618,,2026-01-10 13:13:08,DELIVERED,EAST
ORD00619,CUST0009,2025-09-03 21:19:10,CANCELLED,NORTH
ORD00620,CUST0071,2026-03-24 22:25:11,DELIVERED,WEST
ORD00621,,2025-11-18 02:24:57,DELIVERED,NORTH
ORD00622,CUST0358,2026-04-30 19:34:36,SHIPPED,NORTH
ORD00623,CUST0478,2025-01-29 16:58:43,DELIVERED,NORTH
ORD00624,CUST0317,2025-01-21 11:23:11,RETURNED,NORTH
ORD00625,CUST0071,2025-06-21 07:34:07,CANCELLED,SOUTH
ORD00626,CUST0165,2025-06-30 08:32:43,CANCELLED,EAST
ORD00627,CUST0232,2025-09-06 16:33:53,PLACED,WEST
ORD00628,CUST0273,2026-04-06 09:28:39,DELIVERED,NORTH
ORD00629,CUST0045,2025-02-11 12:57:11,DELIVERED,NORTH
ORD00630,CUST0357,2025-03-17 15:09:55,SHIPPED,NORTH
ORD00631,CUST0278,2026-04-23 04:30:22,CANCELLED,WEST
ORD00632,,2025-04-07 02:01:55,SHIPPED,EAST
ORD00633,CUST0331,2026-02-07 10:31:37,RETURNED,WEST
ORD00634,CUST0460,2026-02-09 09:10:50,DELIVERED,SOUTH
ORD00635,CUST0395,2026-03-09 01:09:22,DELIVERED,WEST
ORD00636,CUST0083,2025-12-31 17:18:11,SHIPPED,SOUTH
ORD00637,CUST0163,2025-10-22 04:28:16,DELIVERED,SOUTH
ORD00638,CUST0341,2025-06-12 11:09:23,CANCELLED,SOUTH
ORD00639,CUST0013,2025-07-27 15:49:09,CANCELLED,EAST
ORD00640,CUST0280,2026-05-15 16:21:41,DELIVERED,WEST
ORD00641,CUST0387,2025-10-21 21:09:51,RETURNED,WEST
ORD00642,CUST0246,2026-04-06 01:08:43,RETURNED,NORTH
ORD00643,CUST0431,2025-04-23 14:22:05,DELIVERED,NORTH
ORD00644,CUST0270,2025-04-24 08:12:01,PLACED,WEST
ORD00645,CUST0500,2025-09-20 12:12:31,DELIVERED,NORTH
ORD00646,CUST0076,2026-01-02 13:23:24,DELIVERED,NORTH
ORD00647,CUST0229,2026-03-24 17:05:13,CANCELLED,WEST
ORD00648,CUST0413,2026-01-08 13:46:57,CANCELLED,SOUTH
ORD00649,CUST0074,2025-04-17 09:30:55,RETURNED,EAST
ORD00650,CUST0388,2025-07-12 02:00:26,DELIVERED,WEST
ORD00651,CUST0291,2026-01-22 04:12:11,CANCELLED,EAST
ORD00652,,2026-02-28 09:53:37,DELIVERED,WEST
ORD00653,CUST0014,2026-02-10 00:09:16,DELIVERED,WEST
ORD00654,CUST0148,2025-08-02 05:31:58,SHIPPED,NORTH
ORD00655,CUST0497,2025-02-04 19:47:23,RETURNED,WEST
ORD00656,CUST0322,2025-12-18 15:44:52,PLACED,EAST
ORD00657,CUST0433,2025-05-13 05:37:03,SHIPPED,EAST
ORD00658,CUST0183,25-03-2025 01:17:23,CANCELLED,EAST
ORD00659,CUST0328,2026-04-25 02:32:12,SHIPPED,NORTH
ORD00660,CUST0166,2026-03-23 10:52:54,DELIVERED,EAST
ORD00661,CUST0050,2025-10-01 18:22:52,SHIPPED,NORTH
ORD00662,CUST0399,2025-09-06 13:21:58,SHIPPED,NORTH
ORD00663,CUST0426,2025-04-07 17:39:44,RETURNED,NORTH
ORD00664,CUST0060,2026-02-24 04:59:01,CANCELLED,EAST
ORD00665,CUST0419,2025-08-15 19:33:48,DELIVERED,SOUTH
ORD00666,,2026-02-22 03:14:08,SHIPPED,SOUTH
ORD00667,CUST0041,06-08-2025 22:48:50,PLACED,NORTH
ORD00668,CUST0221,2025-01-22 06:06:02,RETURNED,NORTH
ORD00669,CUST0023,2025-02-03 09:42:00,PLACED,NORTH
ORD00670,CUST0462,2025-04-13 05:42:22,PLACED,NORTH
ORD00671,CUST0143,2026-05-01 18:22:22,SHIPPED,SOUTH
ORD00672,CUST0420,2025-10-24 00:33:13,SHIPPED,EAST
ORD00673,CUST0003,2026-05-14 23:06:59,SHIPPED,WEST
ORD00674,CUST0226,2025-12-11 03:11:53,DELIVERED,WEST
ORD00675,CUST0209,2025-02-27 10:07:29,PLACED,SOUTH
ORD00676,CUST0148,2025-10-13 23:02:05,DELIVERED,WEST
ORD00677,CUST0308,2026-01-12 09:43:53,CANCELLED,SOUTH
ORD00678,CUST0438,2025-08-08 06:54:04,CANCELLED,EAST
ORD00679,CUST0252,2025-12-11 03:25:28,RETURNED,NORTH
ORD00680,CUST0356,2025-10-30 03:47:59,SHIPPED,NORTH
ORD00681,CUST0103,2025-11-01 12:07:14,CANCELLED,WEST
ORD00682,CUST0298,2025-10-31 08:48:50,CANCELLED,EAST
ORD00683,CUST0208,2025-09-06 16:17:09,CANCELLED,NORTH
ORD00684,CUST0119,2025-11-18 04:01:06,PLACED,NORTH
ORD00685,,2025-04-02 12:38:43,DELIVERED,SOUTH
ORD00686,CUST0390,2025-02-09 21:48:33,CANCELLED,WEST
ORD00687,CUST0252,2025-09-16 08:34:21,RETURNED,NORTH
ORD00688,,2025-08-09 03:24:28,DELIVERED,WEST
ORD00689,,2025-04-01 17:42:55,DELIVERED,SOUTH
ORD00690,CUST0367,2025-07-19 15:48:07,RETURNED,WEST
ORD00691,CUST0293,2025-08-29 15:35:54,SHIPPED,NORTH
ORD00692,CUST0498,2025-07-13 19:43:22,DELIVERED,EAST
ORD00693,CUST0066,2026-03-05 11:22:51,RETURNED,NORTH
ORD00694,CUST0195,2025-02-19 13:22:22,CANCELLED,EAST
ORD00695,CUST0121,2025-11-28 09:37:05,PLACED,EAST
ORD00696,CUST0276,2025-06-16 01:29:42,CANCELLED,WEST
ORD00697,CUST0302,2025-01-12 10:24:36,CANCELLED,EAST
ORD00698,CUST0052,2025-12-20 21:13:21,CANCELLED,EAST
ORD00699,CUST0497,2025-08-12 06:31:40,PLACED,SOUTH
ORD00700,,2025-10-21 12:51:14,RETURNED,NORTH
ORD00701,CUST0304,2025-06-22 08:04:36,RETURNED,WEST
ORD00702,CUST0040,2025-11-30 09:32:51,DELIVERED,WEST
ORD00703,CUST0213,2025-07-25 08:39:32,CANCELLED,SOUTH
ORD00704,CUST0265,2026-03-18 05:36:31,SHIPPED,WEST
ORD00705,CUST0415,2025-11-11 13:59:36,PLACED,SOUTH
ORD00706,CUST0078,2026-01-18 21:48:19,CANCELLED,WEST
ORD00707,CUST0033,2025-11-21 06:54:26,DELIVERED,EAST
ORD00708,CUST0308,01-05-2025 12:15:07,SHIPPED,SOUTH
ORD00709,CUST0159,2025-08-26 15:35:27,CANCELLED,NORTH
ORD00710,CUST0015,2025-05-13 08:42:35,SHIPPED,NORTH
ORD00711,CUST0011,2025-01-29 02:20:38,DELIVERED,NORTH
ORD00712,CUST0187,2025-12-10 21:56:05,CANCELLED,SOUTH
ORD00713,CUST0257,2026-04-23 03:33:42,RETURNED,EAST
ORD00714,CUST0308,2025-03-04 10:21:53,RETURNED,WEST
ORD00715,CUST0479,2025-08-05 06:09:06,SHIPPED,SOUTH
ORD00716,CUST0131,2026-03-18 18:03:31,RETURNED,EAST
ORD00717,CUST0280,2025-08-05 15:43:15,DELIVERED,SOUTH
ORD00718,CUST0421,2025-06-07 00:41:57,RETURNED,NORTH
ORD00719,CUST0482,2025-01-28 22:58:50,SHIPPED,EAST
ORD00720,CUST0491,2025-12-25 11:57:51,PLACED,SOUTH
ORD00721,CUST0466,2026-05-07 12:59:58,DELIVERED,EAST
ORD00722,CUST0121,2025-06-02 06:55:56,SHIPPED,WEST
ORD00723,CUST0393,2025-11-26 13:50:02,DELIVERED,NORTH
ORD00724,CUST0242,2026-01-13 13:59:53,DELIVERED,WEST
ORD00725,CUST0423,2025-03-24 22:16:32,PLACED,EAST
ORD00726,CUST0281,2026-01-13 10:29:44,PLACED,NORTH
ORD00727,CUST0228,2026-02-10 20:08:00,CANCELLED,SOUTH
ORD00728,CUST0043,2025-02-26 05:15:33,SHIPPED,WEST
ORD00729,CUST0245,2026-03-24 23:08:16,SHIPPED,EAST
ORD00730,CUST0213,08-07-2025 05:25:56,CANCELLED,SOUTH
ORD00731,,2025-10-13 20:39:40,SHIPPED,NORTH
ORD00732,CUST0360,2026-03-13 05:03:25,RETURNED,WEST
ORD00733,CUST0491,2025-07-08 05:36:07,PLACED,WEST
ORD00734,CUST0424,2025-12-11 15:07:14,SHIPPED,SOUTH
ORD00735,CUST0137,2025-05-28 23:31:24,SHIPPED,WEST
ORD00736,CUST0422,2025-05-25 23:43:12,CANCELLED,SOUTH
ORD00737,CUST0149,2026-05-15 08:15:39,CANCELLED,SOUTH
ORD00738,CUST0235,2025-02-13 00:30:08,DELIVERED,WEST
ORD00739,CUST0363,2025-08-05 23:38:16,PLACED,NORTH
ORD00740,CUST0477,01-05-2025 15:58:22,RETURNED,NORTH
ORD00741,CUST0196,2025-06-04 12:42:23,SHIPPED,NORTH
ORD00742,CUST0258,2025-09-10 10:56:29,SHIPPED,NORTH
ORD00743,CUST0073,2025-05-14 03:20:02,SHIPPED,WEST
ORD00744,CUST0383,2025-07-04 13:18:57,DELIVERED,EAST
ORD00745,CUST0085,2025-06-11 23:31:48,SHIPPED,WEST
ORD00746,CUST0118,2025-04-04 01:30:16,SHIPPED,WEST
ORD00747,CUST0475,2025-09-11 01:28:22,RETURNED,WEST
ORD00748,CUST0369,2026-03-20 04:07:22,PLACED,SOUTH
ORD00749,CUST0087,2026-01-19 16:52:17,RETURNED,SOUTH
ORD00750,CUST0270,2026-01-28 18:11:26,PLACED,SOUTH
ORD00751,CUST0455,2025-06-18 00:18:43,PLACED,WEST
ORD00752,CUST0055,2026-03-05 10:09:01,PLACED,WEST
ORD00753,CUST0233,2025-11-18 08:38:42,PLACED,EAST
ORD00754,CUST0487,2025-08-20 10:46:46,RETURNED,SOUTH
ORD00755,,2025-11-26 09:20:51,PLACED,NORTH
ORD00756,CUST0048,24-07-2025 08:11:15,CANCELLED,NORTH
ORD00757,CUST0199,2026-02-04 12:18:41,SHIPPED,NORTH
ORD00758,CUST0377,2026-02-17 09:57:43,RETURNED,SOUTH
ORD00759,CUST0189,2025-09-20 06:31:28,CANCELLED,WEST
ORD00760,CUST0047,2026-01-23 13:51:23,RETURNED,SOUTH
ORD00761,CUST0021,2025-09-20 10:29:43,SHIPPED,SOUTH
ORD00762,CUST0332,2025-09-26 02:18:29,CANCELLED,NORTH
ORD00763,CUST0077,2025-03-07 21:57:19,SHIPPED,WEST
ORD00764,,2025-02-09 01:32:06,RETURNED,WEST
ORD00765,CUST0369,2025-10-19 08:22:16,RETURNED,NORTH
ORD00766,,15-01-2026 21:29:11,SHIPPED,WEST
ORD00767,CUST0361,2025-06-02 10:37:46,CANCELLED,WEST
ORD00768,CUST0495,2026-04-16 05:13:11,PLACED,EAST
ORD00769,CUST0274,2025-01-10 00:25:07,PLACED,SOUTH
ORD00770,CUST0208,2026-03-21 21:47:38,CANCELLED,EAST
ORD00771,CUST0185,2025-12-20 21:44:43,CANCELLED,EAST
ORD00772,CUST0098,2025-02-27 00:44:12,PLACED,SOUTH
ORD00773,CUST0124,2025-08-12 20:54:50,RETURNED,SOUTH
ORD00774,CUST0076,2025-08-31 13:01:07,SHIPPED,SOUTH
ORD00775,CUST0249,2025-08-30 00:55:28,RETURNED,SOUTH
ORD00776,CUST0427,2025-07-20 01:21:00,PLACED,WEST
ORD00777,CUST0378,2025-10-24 19:46:35,DELIVERED,NORTH
ORD00778,CUST0303,2026-01-07 19:59:43,CANCELLED,SOUTH
ORD00779,CUST0217,2025-10-23 10:35:04,DELIVERED,WEST
ORD00780,CUST0319,2026-04-26 20:22:28,CANCELLED,NORTH
ORD00781,CUST0241,2025-06-26 14:14:32,SHIPPED,EAST
ORD00782,CUST0367,2025-12-03 14:08:56,DELIVERED,WEST
ORD00783,CUST0345,2025-12-01 23:23:50,CANCELLED,SOUTH
ORD00784,CUST0384,2025-02-14 21:30:08,SHIPPED,SOUTH
ORD00785,CUST0407,2025-08-01 15:19:15,SHIPPED,NORTH
ORD00786,CUST0134,2025-07-02 21:10:11,RETURNED,NORTH
ORD00787,CUST0059,2025-11-13 07:07:35,SHIPPED,WEST
ORD00788,CUST0182,2026-01-29 01:49:56,RETURNED,EAST
ORD00789,CUST0448,2025-09-21 19:42:06,PLACED,WEST
ORD00790,CUST0387,2025-02-26 03:50:39,RETURNED,NORTH
ORD00791,,2025-02-23 05:40:07,SHIPPED,EAST
ORD00792,CUST0227,2026-01-26 16:31:46,PLACED,SOUTH
ORD00793,CUST0071,2025-03-04 06:28:26,PLACED,SOUTH
ORD00794,CUST0147,2025-09-16 05:05:17,DELIVERED,WEST
ORD00795,CUST0078,2026-01-21 16:26:50,SHIPPED,SOUTH
ORD00796,CUST0210,2026-04-05 14:54:33,DELIVERED,NORTH
ORD00797,CUST0368,2026-02-17 16:04:05,DELIVERED,EAST
ORD00798,CUST0223,2025-02-01 12:48:02,SHIPPED,NORTH
ORD00799,CUST0410,2025-12-05 16:18:26,CANCELLED,EAST
ORD00800,CUST0177,2025-01-05 08:57:33,RETURNED,SOUTH
ORD00801,CUST0106,2026-03-31 17:39:50,RETURNED,WEST
ORD00802,CUST0401,29-11-2025 12:49:12,DELIVERED,NORTH
ORD00803,CUST0372,2026-01-04 23:56:08,RETURNED,EAST
ORD00804,CUST0160,24-09-2025 10:48:40,SHIPPED,NORTH
ORD00805,CUST0304,2025-05-13 07:53:49,DELIVERED,WEST
ORD00806,CUST0031,2026-03-07 11:16:40,RETURNED,EAST
ORD00807,CUST0482,2025-03-05 14:19:36,PLACED,WEST
ORD00808,CUST0382,2025-10-25 18:45:57,RETURNED,SOUTH
ORD00809,CUST0402,2026-02-22 22:36:43,SHIPPED,WEST
ORD00810,CUST0168,2025-09-22 18:12:52,DELIVERED,WEST
ORD00811,CUST0425,2025-07-30 02:05:03,CANCELLED,SOUTH
ORD00812,CUST0190,2025-12-13 16:25:37,RETURNED,WEST
ORD00813,CUST0326,2025-08-05 14:44:59,CANCELLED,WEST
ORD00814,CUST0066,2025-09-06 22:29:08,RETURNED,NORTH
ORD00815,CUST0017,2026-01-18 05:35:23,PLACED,WEST
ORD00816,CUST0149,2025-01-21 16:09:07,DELIVERED,EAST
ORD00817,CUST0249,15-01-2025 04:09:50,RETURNED,WEST
ORD00818,CUST0456,2025-05-26 06:11:52,CANCELLED,NORTH
ORD00819,CUST0446,2025-01-23 13:30:36,DELIVERED,WEST
ORD00820,CUST0244,2026-03-04 23:53:38,SHIPPED,SOUTH
ORD00821,CUST0231,2025-12-08 14:09:55,DELIVERED,NORTH
ORD00822,CUST0210,2025-07-18 07:57:25,DELIVERED,NORTH
ORD00823,CUST0377,2025-05-23 20:05:55,SHIPPED,NORTH
ORD00824,CUST0363,2025-06-08 17:41:07,RETURNED,NORTH
ORD00825,CUST0296,2026-01-23 01:36:33,SHIPPED,WEST
ORD00826,,2025-12-04 17:11:01,DELIVERED,SOUTH
ORD00827,CUST0455,2025-10-24 14:05:51,RETURNED,EAST
ORD00828,,18-03-2026 00:21:27,SHIPPED,WEST
ORD00829,CUST0196,2025-05-12 02:07:06,RETURNED,SOUTH
ORD00830,CUST0394,2025-02-15 04:19:26,SHIPPED,NORTH
ORD00831,CUST0014,2026-01-01 01:19:24,PLACED,EAST
ORD00832,CUST0133,2025-07-12 03:03:12,SHIPPED,SOUTH
ORD00833,CUST0198,2026-05-02 03:17:03,DELIVERED,WEST
ORD00834,CUST0015,2025-07-28 20:14:58,PLACED,EAST
ORD00835,CUST0052,2025-05-07 17:41:50,SHIPPED,EAST
ORD00836,CUST0434,2025-11-22 16:13:50,SHIPPED,EAST
ORD00837,CUST0126,03-10-2025 13:58:35,CANCELLED,NORTH
ORD00838,CUST0425,2025-11-14 09:41:10,PLACED,NORTH
ORD00839,CUST0307,09-05-2025 21:24:22,SHIPPED,EAST
ORD00840,CUST0289,2025-02-05 09:05:25,PLACED,SOUTH
ORD00841,CUST0450,2025-08-10 06:39:32,DELIVERED,EAST
ORD00842,CUST0363,2025-08-20 08:15:42,DELIVERED,EAST
ORD00843,CUST0169,09-01-2025 22:08:41,PLACED,WEST
ORD00844,,2025-03-30 13:35:57,CANCELLED,WEST
ORD00845,CUST0333,2025-11-30 02:34:01,CANCELLED,NORTH
ORD00846,CUST0424,2025-11-04 11:24:11,PLACED,NORTH
ORD00847,CUST0228,2025-01-05 07:47:01,DELIVERED,EAST
ORD00848,CUST0321,05-06-2025 22:14:14,CANCELLED,EAST
ORD00849,CUST0361,2025-12-28 19:13:00,SHIPPED,WEST
ORD00850,CUST0257,2025-09-10 05:35:12,RETURNED,SOUTH
ORD00851,CUST0034,2025-03-07 08:59:36,SHIPPED,EAST
ORD00852,CUST0497,21-12-2025 21:34:39,DELIVERED,WEST
ORD00853,CUST0345,2026-04-28 20:03:54,DELIVERED,WEST
ORD00854,CUST0063,2025-12-15 16:29:31,DELIVERED,NORTH
ORD00855,CUST0143,2026-04-16 13:34:28,DELIVERED,NORTH
ORD00856,CUST0451,2025-10-20 00:47:14,CANCELLED,NORTH
ORD00857,CUST0169,2025-06-09 02:40:40,PLACED,NORTH
ORD00858,CUST0304,2026-02-13 20:59:21,DELIVERED,SOUTH
ORD00859,CUST0175,2026-03-03 01:52:21,RETURNED,SOUTH
ORD00860,CUST0318,2025-08-13 03:40:28,RETURNED,NORTH
ORD00861,CUST0018,2025-07-13 10:56:54,PLACED,SOUTH
ORD00862,CUST0029,2025-06-04 19:40:27,PLACED,NORTH
ORD00863,CUST0151,2026-03-12 12:25:06,RETURNED,WEST
ORD00864,CUST0338,2025-11-16 00:29:24,CANCELLED,WEST
ORD00865,CUST0174,2025-11-30 21:50:01,CANCELLED,EAST
ORD00866,CUST0007,2025-11-01 22:04:37,SHIPPED,SOUTH
ORD00867,CUST0216,2025-09-04 23:39:28,SHIPPED,SOUTH
ORD00868,,2025-03-07 09:37:27,RETURNED,EAST
ORD00869,CUST0398,2025-03-16 04:30:19,RETURNED,EAST
ORD00870,CUST0266,2025-10-28 21:43:09,PLACED,SOUTH
ORD00871,CUST0440,2025-01-28 13:22:12,SHIPPED,SOUTH
ORD00872,CUST0342,2025-09-01 22:44:29,RETURNED,EAST
ORD00873,CUST0172,2025-11-12 09:26:21,SHIPPED,NORTH
ORD00874,CUST0022,2025-09-11 07:58:00,SHIPPED,SOUTH
ORD00875,CUST0247,2026-01-12 10:51:47,CANCELLED,SOUTH
ORD00876,CUST0004,2025-07-05 00:04:22,PLACED,NORTH
ORD00877,CUST0324,2025-10-27 11:02:01,SHIPPED,SOUTH
ORD00878,CUST0135,2026-01-04 05:21:54,RETURNED,SOUTH
ORD00879,,2026-03-08 08:58:06,PLACED,SOUTH
ORD00880,CUST0057,2025-06-23 06:19:29,SHIPPED,EAST
ORD00881,CUST0482,2025-09-27 19:56:27,PLACED,NORTH
ORD00882,CUST0407,2025-04-08 06:34:24,DELIVERED,EAST
ORD00883,CUST0126,2026-04-17 01:48:39,RETURNED,SOUTH
ORD00884,CUST0077,2025-06-17 07:03:40,DELIVERED,SOUTH
ORD00885,CUST0454,2025-09-08 06:46:05,CANCELLED,NORTH
ORD00886,CUST0452,2025-11-27 16:23:31,RETURNED,WEST
ORD00887,CUST0270,2025-12-22 15:45:31,CANCELLED,EAST
ORD00888,CUST0405,2025-10-26 20:02:13,SHIPPED,SOUTH
ORD00889,CUST0112,2025-06-06 13:56:24,RETURNED,SOUTH
ORD00890,CUST0282,2025-02-13 04:48:05,DELIVERED,WEST
ORD00891,CUST0022,2025-08-27 16:39:21,CANCELLED,WEST
ORD00892,CUST0412,2025-09-12 10:17:24,PLACED,SOUTH
ORD00893,CUST0039,2025-07-03 02:18:53,RETURNED,NORTH
ORD00894,CUST0051,2025-03-02 02:23:02,RETURNED,SOUTH
ORD00895,CUST0129,2025-06-04 23:52:49,DELIVERED,SOUTH
ORD00896,CUST0438,2026-01-21 22:47:34,DELIVERED,NORTH
ORD00897,CUST0178,2026-02-05 12:25:52,RETURNED,NORTH
ORD00898,CUST0390,2026-05-03 04:55:25,SHIPPED,SOUTH
ORD00899,CUST0120,2025-09-22 18:50:35,CANCELLED,WEST
ORD00900,CUST0434,2025-04-07 13:49:44,CANCELLED,SOUTH
ORD00901,CUST0016,2025-07-11 04:36:55,SHIPPED,EAST
ORD00902,,2026-02-19 21:53:22,DELIVERED,SOUTH
ORD00903,CUST0207,2026-01-26 22:34:19,DELIVERED,NORTH
ORD00904,,2025-03-13 04:21:36,RETURNED,WEST
ORD00905,CUST0201,2025-02-02 17:24:12,CANCELLED,NORTH
ORD00906,CUST0328,04-04-2026 09:05:10,PLACED,SOUTH
ORD00907,CUST0251,2025-01-14 05:12:04,CANCELLED,EAST
ORD00908,CUST0269,2025-02-05 14:03:23,RETURNED,NORTH
ORD00909,CUST0211,2025-07-20 05:07:08,RETURNED,WEST
ORD00910,CUST0490,2026-04-08 06:08:55,SHIPPED,EAST
ORD00911,CUST0244,2025-03-23 19:36:19,RETURNED,SOUTH
ORD00912,CUST0142,2025-04-14 00:09:28,PLACED,WEST
ORD00913,CUST0169,2026-04-12 18:56:31,CANCELLED,WEST
ORD00914,CUST0148,2025-11-27 14:22:44,DELIVERED,WEST
ORD00915,CUST0090,2025-08-01 07:11:57,RETURNED,WEST
ORD00916,CUST0094,2025-12-24 18:06:25,PLACED,SOUTH
ORD00917,CUST0452,2025-11-18 17:18:42,PLACED,SOUTH
ORD00918,CUST0391,2025-10-11 03:23:04,PLACED,EAST
ORD00919,CUST0107,2025-09-17 01:29:01,PLACED,WEST
ORD00920,CUST0439,2025-04-10 12:02:00,DELIVERED,NORTH
ORD00921,CUST0344,2026-01-19 14:31:29,PLACED,NORTH
ORD00922,CUST0487,2025-08-13 04:30:52,DELIVERED,SOUTH
ORD00923,,2025-02-21 05:18:07,RETURNED,WEST
ORD00924,CUST0006,2025-12-13 08:09:28,DELIVERED,SOUTH
ORD00925,,2025-12-12 17:13:28,PLACED,NORTH
ORD00926,CUST0027,2025-11-03 00:03:49,CANCELLED,SOUTH
ORD00927,CUST0123,2025-04-13 02:01:26,PLACED,NORTH
ORD00928,CUST0343,02-02-2025 07:56:06,SHIPPED,SOUTH
ORD00929,CUST0418,2025-06-17 10:35:40,SHIPPED,SOUTH
ORD00930,CUST0220,2025-03-03 07:13:06,DELIVERED,EAST
ORD00931,CUST0162,2025-01-07 12:13:29,SHIPPED,NORTH
ORD00932,CUST0320,2025-07-08 01:04:56,SHIPPED,WEST
ORD00933,CUST0053,2025-12-31 17:50:59,RETURNED,SOUTH
ORD00934,CUST0167,2025-11-20 22:24:43,SHIPPED,EAST
ORD00935,CUST0353,2025-06-12 21:30:04,DELIVERED,NORTH
ORD00936,CUST0196,2025-09-19 20:47:14,RETURNED,NORTH
ORD00937,CUST0460,2025-03-05 09:15:47,CANCELLED,SOUTH
ORD00938,CUST0192,2025-09-13 09:12:09,CANCELLED,SOUTH
ORD00939,CUST0372,2025-11-03 14:47:56,DELIVERED,SOUTH
ORD00940,CUST0390,2025-01-21 16:50:26,DELIVERED,NORTH
ORD00941,CUST0176,2025-05-05 06:34:03,SHIPPED,SOUTH
ORD00942,CUST0165,2025-04-04 14:40:00,PLACED,WEST
ORD00943,CUST0325,2025-03-14 06:08:05,SHIPPED,SOUTH
ORD00944,CUST0372,2025-08-28 09:10:46,SHIPPED,SOUTH
ORD00945,CUST0156,2025-05-27 18:28:40,SHIPPED,EAST
ORD00946,CUST0487,2026-05-13 11:25:24,SHIPPED,WEST
ORD00947,CUST0377,2025-08-10 04:52:50,CANCELLED,NORTH
ORD00948,CUST0043,2026-01-24 09:38:34,SHIPPED,SOUTH
ORD00949,CUST0233,2025-05-26 12:35:38,CANCELLED,NORTH
ORD00950,CUST0101,2025-03-21 06:00:00,RETURNED,EAST
ORD00951,CUST0482,2025-07-22 23:23:24,CANCELLED,EAST
ORD00952,CUST0210,2026-03-30 01:58:07,CANCELLED,SOUTH
ORD00953,CUST0131,2026-01-30 23:22:32,CANCELLED,EAST
ORD00954,CUST0475,2025-08-06 23:15:15,CANCELLED,NORTH
ORD00955,CUST0362,2025-12-13 00:44:42,SHIPPED,EAST
ORD00956,CUST0076,2025-05-11 07:38:37,SHIPPED,NORTH
ORD00957,CUST0365,2026-04-15 12:25:45,RETURNED,NORTH
ORD00958,CUST0217,2025-03-26 13:16:44,DELIVERED,WEST
ORD00959,CUST0386,2026-03-25 23:55:05,PLACED,EAST
ORD00960,CUST0108,2026-04-22 23:25:44,DELIVERED,NORTH
ORD00961,CUST0001,2025-02-19 02:49:44,CANCELLED,WEST
ORD00962,CUST0088,2025-04-01 11:11:45,SHIPPED,SOUTH
ORD00963,CUST0057,2025-08-19 18:52:13,SHIPPED,SOUTH
ORD00964,CUST0389,2025-04-09 08:57:55,CANCELLED,WEST
ORD00965,CUST0445,2025-11-22 05:05:18,PLACED,WEST
ORD00966,CUST0016,2025-10-27 07:30:31,PLACED,NORTH
ORD00967,CUST0004,2025-12-07 18:50:02,PLACED,SOUTH
ORD00968,,2025-11-05 16:48:17,CANCELLED,WEST
ORD00969,CUST0173,2025-07-09 21:56:21,DELIVERED,SOUTH
ORD00970,CUST0194,09-11-2025 01:22:55,DELIVERED,NORTH
ORD00971,CUST0206,2026-01-07 04:01:38,PLACED,EAST
ORD00972,CUST0128,2025-07-08 14:39:43,CANCELLED,WEST
ORD00973,,2025-11-23 10:01:40,DELIVERED,NORTH
ORD00974,CUST0348,2025-08-16 07:38:31,CANCELLED,NORTH
ORD00975,CUST0483,2026-04-22 15:42:54,PLACED,WEST
ORD00976,CUST0074,2026-03-22 16:56:36,RETURNED,NORTH
ORD00977,CUST0155,2026-03-03 21:35:55,CANCELLED,SOUTH
ORD00978,CUST0247,2025-12-06 17:15:15,SHIPPED,SOUTH
ORD00979,CUST0046,2025-02-24 13:45:01,SHIPPED,EAST
ORD00980,CUST0113,2026-01-04 08:42:30,PLACED,SOUTH
ORD00981,CUST0252,2025-02-16 22:21:55,SHIPPED,NORTH
ORD00982,CUST0368,2026-01-16 23:46:24,RETURNED,WEST
ORD00983,CUST0060,2025-05-29 02:07:05,DELIVERED,SOUTH
ORD00984,CUST0189,2025-03-07 10:24:36,PLACED,EAST
ORD00985,CUST0434,2025-07-18 13:20:49,DELIVERED,SOUTH
ORD00986,CUST0114,2025-02-24 12:00:34,CANCELLED,EAST
ORD00987,CUST0429,2025-04-23 15:43:29,SHIPPED,EAST
ORD00988,CUST0411,2026-02-28 22:02:38,DELIVERED,EAST
ORD00989,CUST0141,2026-03-11 22:36:30,SHIPPED,WEST
ORD00990,CUST0031,2026-02-19 10:09:52,SHIPPED,SOUTH
ORD00991,CUST0444,2026-02-02 05:54:31,CANCELLED,EAST
ORD00992,CUST0435,2025-03-23 00:35:25,DELIVERED,WEST
ORD00993,CUST0388,2025-07-20 12:04:33,DELIVERED,EAST
ORD00994,CUST0439,2025-10-08 12:06:08,DELIVERED,NORTH
ORD00995,CUST0235,2025-12-02 05:36:08,CANCELLED,WEST
ORD00996,CUST0112,2026-02-16 23:12:47,PLACED,EAST
ORD00997,CUST0348,2026-02-07 04:24:27,SHIPPED,NORTH
ORD00998,CUST0092,2026-04-29 01:07:32,DELIVERED,WEST
ORD00999,CUST0207,2025-05-06 01:07:15,CANCELLED,WEST
ORD01000,CUST0089,2025-12-01 23:24:49,PLACED,WEST
